bg_id,ward_id
170312909001,24
170312909002,24
170312909003,24
170312909004,24
170318387002,24
170313102001,11
170313102002,11
170314005002,20
170314804006,8
170314804007,8
170314805001,7
170312608002,28
170312609001,24
170312609002,24
170312610002,24
170312912002,24
170318431001,24
170318433001,28
170318387004,24
170318431002,24
170314008001,20
170314008002,20
170318363001,5
170314105001,5
170314105002,5
170314106002,5
170314107001,4
170314108001,5
170314108002,5
170314903001,9
170314905001,9
170314907001,9
170315607001,23
170315608001,14
170315608002,14
170315608004,23
170315608005,23
170315609003,23
170315609004,23
170315609005,23
170315609006,23
170315610001,13
170315610002,13
170315610003,13
170312505005,29
170312505006,29
170312505007,29
170312506001,29
170312506002,29
170312506003,29
170312507001,37
170318414001,24
170312922001,24
170312922002,24
170312922003,24
170318414002,24
170312924001,24
170312925001,24
170312925002,24
170312925003,24
170312925004,24
170313104001,25
170313106001,25
170313106002,25
170313108003,25
170313109001,25
170313109002,25
170313109003,25
170314110001,5
170314110002,5
170314110003,5
170314111001,5
170314111002,5
170314112001,5
170314112002,5
170314907002,9
170314907003,9
170314908001,9
170314908002,9
170314908004,9
170314909024,9
170315610004,13
170315610006,23
170315611002,23
170315611003,23
170315611004,13
170315701001,14
170312601001,28
170318407001,12
170313005001,22
170313005002,22
170313006001,22
170313006002,22
170318412003,25
170318412001,25
170318413001,25
170318413004,25
170318413003,25
170314204001,20
170314206001,20
170314206002,20
170314207001,20
170314207002,20
170314207004,20
170314207005,20
170314208001,20
170314208002,5
170314910001,34
170314910003,34
170314911001,34
170314911002,34
170314911003,34
170314911004,34
170314911005,34
170315703001,14
170315703002,14
170315703003,14
170315704001,14
170315704002,14
170315705001,23
170315705002,23
170315801001,12
170315801002,12
170313007001,22
170313008001,22
170313008002,12
170313009002,12
170313012001,24
170318432002,25
170318432001,25
170313201001,42
170313201002,42
170318344001,20
170318344003,5
170318439002,5
170314212001,20
170314912001,34
170314912002,34
170314912003,34
170314913002,34
170314913003,34
170314914001,9
170315001001,8
170315001002,8
170315001003,8
170315802001,12
170315802002,12
170315803001,12
170315804001,14
170315804002,14
170315804003,14
170315804004,14
170315805014,12
170315805022,15
170312606001,28
170318408001,22
170318408002,22
170313016001,22
170313017011,22
170313017023,22
170313017021,22
170313017022,22
170313018021,22
170313206001,4
170313206002,4
170314302001,5
170314302003,5
170314302004,5
170314302005,5
170314303001,5
170314303003,5
170314304001,8
170314304002,8
170314304003,8
170314304004,8
170314305002,7
170314305003,7
170315001004,8
170315002001,9
170315002002,9
170315003001,9
170315101001,10
170315805021,15
170315805011,12
170315806001,12
170315806002,12
170315806003,15
170315807001,15
170318428002,15
170318428005,15
170318428003,14
170318428004,14
170318368002,28
170318369002,28
170313301004,4
170313301001,3
170313301002,3
170314306001,5
170314306002,5
170314308001,7
170314308002,7
170314309001,8
170318342001,8
170318342003,8
170315102001,10
170315102002,10
170315103001,7
170315103004,7
170318404002,12
170318403002,12
170318403003,12
170318403001,12
170312714001,28
170312715001,24
170318373002,24
170318411001,25
170318411004,25
170318411002,25
170314313022,7
170314313012,7
170314313013,7
170314314002,7
170314314003,7
170315103003,7
170315202001,10
170315905001,12
170315906001,12
170315906003,12
170318401001,11
170316004001,11
170316004002,11
170316004003,11
170312801002,42
170313018032,22
170313403001,11
170313405001,11
170318392002,3
170314401011,8
170314401023,8
170314401014,8
170314402022,6
170314402023,6
170314402012,6
170314403003,6
170314403004,6
170314403005,6
170314403001,6
170315202002,10
170315203001,10
170315203002,10
170315203003,10
170315204001,10
170315204002,10
170315204004,10
170315205003,10
170315205001,10
170316006001,11
170316007001,11
170318397003,11
170318397001,11
170318305001,22
170318305002,22
170318420002,3
170313510001,4
170313510003,4
170318396001,4
170318424001,17
170318424002,21
170318424003,17
170314406001,9
170314406002,9
170314407001,6
170314407002,9
170314408001,8
170315302001,34
170315302002,34
170315302003,34
170316009001,11
170316009003,11
170318398002,11
170318400001,11
170318399001,11
170318399003,11
170318399004,11
170318399005,11
170318400002,11
170312808001,27
170312809001,27
170313602001,4
170318364001,4
170318364002,4
170314408002,8
170314409001,8
170314409002,9
170314409003,9
170318343003,8
170318343004,8
170318343005,8
170318343001,8
170315303001,34
170315303002,34
170315303003,34
170315303004,34
170315304001,34
170315304002,34
170318426002,11
170316103001,12
170316103002,15
170316104001,15
170312518004,28
170312518005,28
170312518001,28
170312518002,28
170312520001,29
170312520002,29
170312520003,29
170312520004,29
170312819001,42
170312819002,42
170318419001,25
170313802001,3
170314503002,8
170314503003,8
170314601003,7
170314601004,7
170314602001,10
170315305011,34
170315305012,34
170315305031,34
170315306001,9
170315306002,9
170315306003,9
170318426003,11
170318438001,3
170316111003,20
170316113001,20
170312507002,37
170312507003,37
170312507004,37
170312507005,37
170312508001,37
170312508002,37
170312511001,37
170312511002,37
170312521023,29
170312522021,28
170312522023,24
170318329002,28
170318329001,28
170318381003,27
170312827001,28
170312828001,28
170313805001,3
170318360002,3
170318360001,3
170313812001,3
170314603021,7
170314603022,7
170314603023,7
170314603013,7
170314603011,7
170314603012,10
170314604002,7
170314604003,7
170314604004,7
170314605001,7
170315401013,9
170316113002,20
170316113003,15
170316114001,15
170316114003,15
170316115002,15
170316116001,16
170316116002,16
170316117001,16
170316117003,16
170312512002,37
170312512003,37
170312512001,37
170312513001,29
170312513002,29
170312513004,29
170312513005,29
170312514002,29
170312514003,29
170318138012,24
170318138013,22
170318100003,49
170318102002,49
170318102003,49
170318102006,49
170318142001,22
170310306041,48
170310801007,43
170311408001,33
170312522011,28
170318103012,50
170318103013,50
170318103014,50
170318104001,41
170318104002,41
170316304004,14
170318105011,38
170318105013,38
170318105015,38
170318105023,38
170318105025,38
170318106001,38
170318106002,38
170318106003,41
170318107011,29
170318107012,29
170318107013,29
170318107014,29
170318107021,29
170318111004,38
170318076003,50
170318078001,41
170318079002,39
170318119001,29
170318054024,41
170318054025,41
170318080013,39
170318080022,50
170318080023,50
170318080024,50
170318121001,29
170318121002,29
170318055022,41
170318055023,41
170318056002,41
170318056003,41
170318081002,41
170318121003,29
170318121005,29
170318122001,29
170318122004,29
170318056004,41
170318057022,41
170318125001,29
170318126002,29
170318130001,29
170318130002,29
170318131001,29
170318134001,29
170318134006,29
170318135001,29
170311503007,45
170312306002,37
170311302001,39
170311606011,33
170317403001,19
170319900000,42
170318360003,4
170318436002,4
170318358001,3
170318345001,20
170318362001,5
170318439001,5
170318344002,20
170318420001,3
170310202004,50
170311906013,30
170312602001,28
170314602002,10
170316713001,15
170316603024,16
170312421003,1
170312428001,26
170312429002,26
170312430002,26
170312431002,1
170312804001,27
170312432002,1
170312433002,1
170318342004,5
170318342002,8
170318340001,21
170318343002,8
170310101003,49
170310632004,44
170310103003,49
170310107023,49
170310107011,49
170310102012,49
170312106021,35
170310105022,49
170310105012,49
170310105011,49
170310106002,49
170310106004,49
170312435002,27
170312435001,27
170312504005,29
170312512004,37
170312510001,37
170312517001,28
170312514004,29
170316812003,6
170316809001,20
170316903002,6
170316813002,6
170316813001,6
170317101001,6
170316814003,17
170316905001,6
170316912002,6
170318343006,8
170310814032,42
170318339001,10
170318339002,10
170318340002,21
170314909022,9
170310201001,50
170310104003,49
170310106003,49
170318306004,50
170310205003,50
170310203012,50
170310301031,48
170310301032,48
170310306031,48
170310306032,48
170310307011,48
170310313001,48
170310106001,49
170310107012,49
170318306003,40
170318306002,49
170310205002,50
170310205004,50
170310203011,50
170310301022,48
170313515002,3
170310301014,48
170310306012,48
170310306011,48
170310313003,48
170310313002,48
170310312004,48
170310315012,46
170312515004,37
170312518003,28
170312604001,28
170312521011,29
170312605001,28
170312610001,24
170312603001,28
170316913001,6
170317001002,18
170317002003,18
170311104001,45
170317004023,18
170317005022,18
170317005021,18
170318352001,23
170318399002,11
170318397002,11
170318426001,11
170318426004,11
170318438002,3
170318351001,15
170318350001,16
170312505002,29
170312505003,29
170312505004,29
170316406002,13
170310814022,42
170310609004,46
170313511003,4
170315603001,22
170310402022,40
170316603011,16
170316711001,16
170316911004,6
170310802013,2
170310810001,2
170310813003,2
170318390004,4
170314109001,5
170316115001,15
170312831002,28
170318312002,35
170311913022,36
170318401002,11
170310609001,46
170312408001,1
170310204002,50
170316604002,23
170316203006,13
170316009004,11
170315808001,15
170318126001,29
170316203002,13
170310301042,48
170310307032,48
170310701031,43
170311406021,35
170310307022,48
170310608001,46
170310609005,46
170310631002,44
170310633024,44
170310630003,44
170310701032,43
170318321003,46
170318321001,46
170318436001,4
170314603024,7
170318388002,10
170310701021,43
170318347003,20
170315611001,23
170315611006,13
170317203001,19
170316608004,17
170318207001,22
170317102002,17
170313017013,22
170316009002,11
170313807001,3
170314205001,20
170312515001,37
170318387003,24
170317608021,38
170310802011,2
170314601002,7
170311503003,38
170311510021,31
170312001001,31
170312426002,1
170312309002,26
170310317004,46
170310627001,32
170310321005,46
170310633021,44
170310701012,43
170310715006,43
170315502002,10
170310208022,40
170310627002,32
170318209011,13
170317104004,17
170315611005,13
170318315001,36
170311908003,31
170311909001,31
170311910001,36
170311910002,36
170311911002,36
170318322001,32
170318322002,32
170318310002,32
170312222001,32
170312222002,32
170318324002,1
170318324001,1
170312227002,1
170312421002,1
170312422001,2
170318318001,39
170310601002,47
170317404002,19
170316706002,15
170314212002,20
170312205003,32
170310307031,48
170310308001,48
170310308004,48
170310309004,40
170310311001,47
170310311003,47
170310312003,48
170310705001,43
170310705002,2
170310706001,32
170310707001,32
170310707002,32
170312228001,1
170312301001,26
170312304001,26
170312305001,26
170312306003,26
170318369001,27
170314607001,10
170311801001,36
170318208002,14
170317105002,21
170312105012,30
170312309001,26
170312424002,2
170318133011,29
170310314002,46
170310314001,46
170318307002,46
170310317003,46
170310318001,47
170310402024,40
170310402014,40
170310402012,40
170310710001,43
170310711002,43
170310712001,43
170310713001,43
170310715003,43
170310715002,43
170310715004,43
170310717001,43
170318326003,43
170311003005,41
170311003006,41
170311005001,41
170311006001,45
170311007002,45
170314607002,10
170314313021,7
170314401022,8
170316114002,15
170316502003,13
170316605001,23
170316909003,6
170317004013,18
170317302015,21
170318203004,23
170310801003,43
170310804001,27
170318383001,27
170310812012,42
170311007005,41
170311101001,39
170311101003,45
170311101004,45
170311103002,45
170311103003,45
170311103004,45
170311103005,45
170311506003,36
170311507003,36
170311508001,45
170311508003,30
170311511004,36
170311512001,36
170311601002,39
170311602002,39
170311602004,45
170311603003,39
170311604001,35
170318407002,12
170316303001,14
170310403002,40
170310403003,40
170310404021,40
170310404025,47
170310404023,40
170310406001,47
170310406002,47
170310407002,47
170310407003,47
170310408001,47
170310409002,47
170310402021,40
170311104003,45
170311105012,45
170311201001,41
170311201002,41
170311202002,41
170311202003,39
170311202004,39
170311604002,45
170311604003,39
170311607005,33
170311608002,33
170311608003,35
170311610001,45
170311610002,45
170311611001,45
170312504004,29
170312511004,37
170318365001,4
170310505003,47
170310505004,47
170310506001,47
170310506002,47
170310507001,47
170310509001,32
170310514002,32
170318437002,32
170310601001,47
170310601003,47
170310815002,42
170310815003,42
170310818003,42
170310901002,41
170310901003,41
170311203001,39
170311203002,39
170311203003,39
170311203005,39
170311203006,39
170311204002,39
170311204003,45
170311611002,45
170311612002,30
170311613003,30
170311613004,30
170311701001,38
170311702001,38
170311702002,36
170311703001,38
170311704002,38
170311705002,38
170311912001,36
170311912002,36
170318315002,29
170312001002,31
170312001003,31
170312002001,31
170311001003,45
170311001004,45
170311001001,39
170311002001,41
170311002002,41
170311002003,41
170311303001,39
170318318002,39
170311401002,33
170311404001,39
170311405001,39
170311405002,39
170318312001,26
170312101002,33
170312101003,33
170318311001,35
170318311004,30
170318311003,30
170312104001,31
170312306004,26
170312306006,37
170312307002,26
170312309003,26
170312312001,27
170312312003,27
170312312004,27
170312312005,37
170318421006,37
170318421002,37
170312315001,27
170317108002,21
170313902002,4
170310502001,47
170312107002,33
170311407012,33
170311504012,38
170311504021,38
170311504013,45
170311505011,38
170311505012,38
170311706002,38
170311707001,38
170311707002,38
170311707003,38
170311708003,38
170311709001,29
170311710002,36
170311710003,36
170311710005,38
170311710006,29
170311711002,36
170318423001,27
170312403001,32
170318310001,32
170312423001,2
170312503001,37
170312503003,37
170312504002,29
170312505001,29
170318306001,40
170310202001,50
170310204001,50
170310204003,50
170310206021,50
170310207022,50
170311801004,36
170318316002,36
170318316004,29
170311901001,31
170311902001,31
170311903001,31
170311903003,31
170311904021,30
170311904012,30
170311904011,36
170312106022,35
170312108001,33
170312109002,33
170312203001,32
170312203002,1
170312205001,32
170312206023,35
170312426004,26
170312427001,26
170312429001,1
170310207012,40
170310208024,50
170310208014,40
170310208011,40
170310208023,50
170310301041,48
170310302001,48
170310302002,48
170310302004,48
170310304001,40
170310603001,47
170310604001,44
170310604003,47
170318319001,44
170310626001,32
170310627003,32
170310629002,44
170312210001,35
170312211001,32
170312211002,26
170312213002,1
170312214001,1
170312216001,32
170312216002,32
170312410002,26
170312423002,2
170314106001,5
170312413001,2
170312414001,1
170312414004,1
170312415001,2
170312415003,1
170312421001,1
170315501004,10
170317112003,21
170316502002,23
170313107001,25
170315906002,12
170312916001,24
170314303002,5
170310717002,43
170310304002,40
170310305001,48
170310305004,48
170312608001,28
170314402011,6
170318316006,29
170318105024,38
170314604001,7
170311404002,39
170312433001,27
170312434002,27
170318423002,27
170312502002,37
170311908001,31
170318421003,37
170310602001,47
170312226001,1
170310512002,47
170312410001,1
170310713002,43
170310309001,40
170310703002,43
170310704001,43
170310704002,43
170310704003,43
170318318003,39
170312215002,1
170311607002,33
170310604002,44
170310404012,40
170312514001,29
170318398003,11
170317707001,41
170314305001,5
170311908004,31
170311711001,36
170318233044,19
170316604003,23
170317106002,21
170315609001,23
170313016002,22
170315907001,12
170317404001,19
170316111002,20
170314302002,5
170312506004,29
170312213003,1
170314503004,8
170314207003,20
170318415001,24
170314102001,4
170311201003,41
170311404003,39
170310602002,47
170312312002,27
170310629001,44
170316112001,20
170313017012,22
170316914003,6
170311703003,38
170318439003,5
170318439005,5
170310314005,46
170319800001,41
170310301012,48
170311407022,33
170318264012,9
170318234001,19
170313815001,3
170313817001,3
170313818001,3
170313818002,3
170313819001,4
170313819002,3
170313901001,4
170313902001,4
170313903002,4
170313904001,4
170314605003,8
170314605004,8
170314605005,8
170314605006,8
170314605007,8
170314607003,10
170315501001,10
170315501002,10
170315501003,10
170316201001,23
170316120001,20
170316201002,23
170316201003,23
170316202001,23
170316202002,23
170316203003,13
170312515002,37
170312515003,37
170312516001,37
170312516002,37
170312516003,37
170318314001,29
170312607001,28
170318419002,11
170312838001,25
170312838002,11
170315501005,10
170315502001,10
170315601001,22
170316304001,14
170316203004,13
170316203005,13
170316204001,23
170316204002,23
170316204003,13
170316204004,13
170316301001,15
170316302001,14
170316303002,14
170316304002,14
170316304003,14
170318429004,28
170318386002,28
170318386001,28
170318430001,24
170313904002,4
170313905001,4
170313906001,4
170313906002,4
170313907002,4
170318361003,4
170318361001,3
170318361002,3
170314801001,8
170314802001,8
170314803001,8
170314803002,8
170314804001,7
170314804002,7
170314804003,8
170314804004,8
170314804005,8
170315602001,22
170315602002,22
170315604001,14
170312002003,31
170310206013,50
170310625001,47
170310817001,2
170310314004,46
170310402023,40
170310309002,40
170310308003,48
170310710002,43
170310505001,47
170312411001,26
170312227001,1
170316501002,23
170317705002,41
170316501004,23
170317304004,21
170316716002,17
170315610005,13
170317108005,17
170310403001,40
170310603002,47
170312302001,26
170318117011,41
170317401003,19
170315609002,23
170316910004,6
170316708001,16
170314903002,9
170317107003,21
170315807003,15
170316806001,16
170316309001,14
170314913001,34
170315806004,15
170316117002,16
170313108001,25
170317114003,21
170316203001,13
170312521022,29
170314205002,20
170314802002,8
170318131002,29
170311708002,38
170317708001,38
170311503004,38
170318398001,11
170314203001,20
170312513003,29
170314004002,20
170318109001,29
170311906023,30
170311908005,31
170317105003,17
170316118002,16
170316119002,20
170316910002,6
170318363002,5
170312511003,37
170311504022,38
170318312003,35
170313302001,3
170316111001,20
170316811003,6
170317102001,17
170314913004,34
170311510012,31
170312306005,37
170310611001,44
170314908005,9
170313504001,3
170312521021,29
170313108002,25
170316909002,6
170318109004,29
170311911006,36
170316720003,17
170315608003,14
170318381001,27
170313802002,3
170310315021,46
170312402001,32
170310511001,32
170310312001,46
170310313004,46
170310315013,46
170310608002,46
170310314006,46
170310315022,46
170310321003,46
170310404013,40
170310402011,40
170310609002,46
170310621003,44
170310620001,44
170310631001,44
170310315011,46
170310315023,46
170310321004,46
170310321002,46
170310608003,46
170310619012,44
170310619011,46
170310619013,44
170310621002,44
170310621001,44
170310620002,44
170310632003,44
170310632005,44
170310632001,44
170310633022,44
170310633012,44
170310633011,44
170310634002,44
170312606002,28
170312607002,28
170312705001,28
170312718001,28
170312712001,28
170312713001,28
170312827002,28
170317201002,19
170317103001,17
170317104005,18
170317112004,18
170317109002,21
170317110002,21
170317114002,21
170317202003,19
170318349002,17
170318346004,20
170318346003,20
170318348003,20
170318348001,16
170318348002,16
170318418001,8
170315305033,9
170310630002,44
170310634001,44
170310633023,44
170310701011,43
170310714002,43
170310714004,43
170310702002,43
170310718001,43
170310801005,43
170310715005,2
170310803004,27
170317003013,18
170310810003,2
170310803002,2
170310702003,43
170310701022,43
170310701023,43
170310714003,43
170310714001,43
170310715001,43
170310803003,27
170310803001,2
170310802012,2
170310801004,43
170310801006,43
170310801001,43
170310802021,2
170310810004,27
170310810006,2
170310811002,2
170310811001,2
170318434001,22
170312801001,42
170318382001,28
170310206011,50
170312832001,28
170313103001,25
170312924002,24
170311913012,36
170317203003,19
170317205002,19
170317307002,34
170317207002,19
170317501003,34
170317304003,34
170317306002,34
170317305004,34
170313018023,22
170313018022,22
170310810005,2
170310306043,48
170310301023,48
170310812011,42
170310816001,42
170310815001,42
170310813006,2
170310813004,2
170310814012,42
170310814011,42
170311003002,41
170317608033,41
170311105014,45
170311403011,35
170310633031,44
170310812013,42
170310813005,2
170310813001,2
170310813002,2
170310814033,42
170313201003,42
170318390003,4
170314307002,7
170314314004,7
170314101002,5
170314109002,5
170313903001,4
170313511002,4
170313018012,22
170315702001,14
170313105001,25
170313106003,25
170316006002,11
170313204001,42
170313302002,25
170312206012,35
170317402004,19
170317402003,19
170317403002,19
170317404004,19
170317506004,34
170317505003,34
170317505004,34
170310209021,40
170310203013,50
170310203023,50
170318319002,47
170318320001,44
170310701013,43
170318325001,2
170311406022,35
170311406011,35
170311606012,33
170311504014,38
170311505022,38
170312105011,30
170312105021,30
170312207011,31
170312106012,35
170312212001,32
170312206021,32
170312206024,35
170312209012,26
170313511001,4
170318392003,4
170313501002,4
170313301003,3
170313012003,12
170313007003,22
170313009003,12
170312105023,30
170312420003,27
170318429002,28
170310816002,2
170310812021,2
170313406001,3
170313514001,3
170313801001,4
170313812002,3
170311505013,38
170313814001,3
170313907001,4
170314003001,20
170317707002,41
170310802022,2
170311504023,38
170311407021,33
170311605022,33
170311606023,33
170311913021,36
170312209021,35
170312209022,35
170318107022,29
170318116002,41
170318325002,2
170318326002,2
170318323001,32
170318383002,27
170311105013,45
170318318005,39
170318108003,29
170318109002,29
170318109003,29
170318115001,38
170312209011,35
170317003012,18
170312420001,2
170310105031,49
170311105022,45
170312519002,28
170312519004,29
170312819003,42
170310812024,2
170310718002,43
170312519003,37
170312519001,28
170317608012,41
170317608032,41
170317608031,41
170310632002,44
170310619024,44
170310619022,44
170312212002,32
170314004001,20
170314201001,5
170314202001,20
170318116001,38
170318418002,5
170314309002,8
170314312002,8
170314312001,8
170314313023,7
170312522025,29
170318391002,42
170315401022,9
170316503013,13
170316503014,13
170314909012,9
170317003023,18
170317003024,18
170318317001,45
170311510022,30
170311906022,30
170312207022,31
170318421001,37
170318367001,27
170318367002,27
170318366001,27
170318382002,27
170310209022,40
170318390002,25
170310307061,48
170319801001,23
170313011001,12
170313009001,12
170310102022,49
170313012002,24
170318111005,38
170316915002,8
170314402021,6
170314403002,6
170316913002,6
170314701001,8
170314503001,8
170314601001,10
170317004011,18
170317302012,21
170313018033,22
170313018031,22
170317005016,18
170310307033,48
170315805013,15
170310814031,42
170318104003,41
170318330002,27
170318330001,27
170318313001,37
170318430002,24
170318378001,27
170318374001,27
170313018011,22
170310814021,42
170313515001,3
170313501001,4
170313510002,4
170314101001,4
170310206024,50
170314109003,5
170314301011,5
170314301012,5
170318439004,5
170310102021,49
170318133013,29
170314805003,7
170314610001,10
170314701002,8
170315103002,7
170314801002,8
170314805002,10
170318108002,38
170318371001,27
170318370002,27
170318368001,28
170318374002,28
170318370001,27
170318373001,28
170318331003,27
170314307001,7
170314314001,7
170314401021,8
170314401024,8
170310619023,44
170315305021,9
170315401023,9
170315805023,15
170315401014,9
170310202003,50
170310401001,40
170310305003,48
170314906001,21
170314904001,9
170314905002,9
170314908003,9
170314909021,9
170314910004,34
170314910002,34
170314910005,34
170318204002,23
170318217003,19
170317706021,41
170316308002,16
170316308003,16
170318351002,16
170316308001,16
170318381002,27
170318378002,27
170318380002,27
170318380001,27
170318331001,25
170318333001,25
170318390001,4
170316403006,13
170316403003,13
170316404001,13
170316405002,23
170316406001,13
170316403005,13
170316308004,16
170316309003,14
170316401001,13
170316403001,13
170316403002,13
170316309002,23
170318314002,29
170316103003,12
170310207024,50
170317003022,18
170310609003,46
170310404024,40
170310404022,40
170310633032,44
170310314003,46
170311403021,39
170310404014,47
170310501002,47
170310502002,47
170310502003,47
170310703001,43
170318422001,27
170310818002,42
170310817002,42
170311001002,39
170314914003,9
170314914002,9
170315003002,9
170315202003,10
170316305001,14
170316305002,14
170315101002,10
170315102003,10
170315206001,10
170316305003,14
170316305004,14
170318351003,16
170318079003,41
170318429003,25
170318429001,28
170318412002,25
170318387001,24
170313201004,42
170318416001,24
170318417001,24
170318407003,24
170311403022,39
170311406024,35
170311510023,31
170311907021,30
170311907022,31
170311906021,30
170312004022,35
170312004023,35
170312207023,31
170312207024,35
170312105022,30
170312206011,35
170312522022,28
170311006004,41
170311004003,41
170311005004,41
170311005005,41
170311502002,45
170315201001,10
170315203004,10
170315205002,10
170315301002,9
170315301001,9
170315302005,34
170315302004,34
170315501006,10
170318435001,12
170318413002,25
170318305003,22
170318402001,11
170318404001,12
170312522024,28
170312521024,29
170317608011,41
170314402013,6
170315401012,9
170315305013,34
170315305014,9
170314909013,9
170314909011,9
170317004014,18
170315805012,12
170314401012,8
170311502004,45
170311301003,50
170311303003,39
170311404005,39
170311407011,33
170311606013,33
170311502001,45
170311510011,31
170311607003,33
170315602003,22
170315603002,22
170315703004,14
170315607002,14
170316404002,23
170316403004,13
170315807002,12
170315907002,11
170318133021,24
170318391001,42
170318410001,4
170318411003,11
170318355001,3
170318395001,4
170318396002,3
170310804002,27
170310804003,2
170310810002,2
170317113001,21
170317113002,21
170317114001,21
170317115001,21
170317115002,21
170317201003,19
170317706022,41
170316904001,20
170317104003,17
170312315004,27
170317201001,19
170317202001,19
170317202002,19
170317708002,41
170317709013,41
170317709014,41
170317709011,41
170317709012,41
170317709021,41
170317709022,41
170318081001,41
170312408002,1
170312411002,26
170312412001,1
170312412002,1
170312414002,1
170312414003,1
170312415002,2
170312416001,2
170312416002,2
170318208001,22
170318209021,18
170318209022,18
170318257001,10
170318227012,19
170318227021,19
170318257003,10
170318258013,10
170318211022,18
170318211023,18
170318211024,18
170318212001,34
170318212004,34
170318228011,19
170318228012,19
170318228022,19
170318228023,19
170318214011,34
170318214012,34
170318214021,34
170318214022,34
170318216001,19
170318216002,18
170318216004,18
170318216005,18
170318232001,19
170318217004,19
170318217005,19
170318219001,19
170318219002,19
170318233031,19
170318219004,19
170318220001,18
170318220002,18
170318220003,18
170318221011,18
170318219003,19
170318233032,19
170318233035,19
170318233041,19
170318233042,19
170318233045,19
170318235001,19
170318265001,9
170318203001,23
170318203002,23
170318203003,23
170318204003,23
170318205021,23
170311507002,30
170311507004,38
170311508004,45
170311508005,45
170311510024,30
170311511001,30
170311511002,30
170311511003,30
170311512002,30
170311512003,36
170310505002,47
170311601001,39
170311602001,39
170311602003,39
170311603001,39
170311603002,39
170311605011,33
170311605023,35
170311606021,33
170311606022,33
170310712002,43
170311607001,33
170311607004,33
170311608001,33
170311608004,35
170311608005,33
170311609001,45
170311609002,30
170311612001,30
170311613001,30
170311613002,30
170311702003,38
170310811003,2
170310207011,40
170311703002,38
170311703004,38
170311703005,38
170311704001,38
170311704003,38
170311704004,38
170311705001,38
170311706001,38
170311708001,38
170311710001,38
170311710004,38
170311711003,36
170311801002,36
170311801003,36
170311801005,29
170318316001,36
170318316005,36
170318316003,29
170311902002,31
170311902003,31
170311902004,31
170311903002,31
170311903004,31
170310107022,49
170310301021,48
170310301013,48
170311906011,30
170311906012,30
170311907023,30
170311908002,31
170311911001,36
170311904022,30
170311911003,36
170311911004,36
170310818001,42
170311911005,36
170311913013,36
170312002002,31
170312002004,31
170312003001,35
170312003002,31
170312004021,35
170311303004,39
170311408003,33
170311605012,35
170318322003,32
170312912001,24
170318428006,15
170310819001,27
170310901001,41
170310901004,41
170310902001,41
170310902002,41
170310902003,41
170310902004,41
170310902005,41
170310903001,41
170311001005,45
170312004011,36
170312101001,33
170318311002,30
170312104002,31
170312106011,35
170312106023,35
170312106013,35
170312107001,33
170318351004,15
170316706001,15
170316909001,6
170318233043,19
170311002004,41
170311002005,41
170311002006,41
170311002007,41
170311003001,41
170311003003,41
170311003004,41
170311004001,41
170311004002,41
170318309001,32
170318309003,32
170318309002,32
170312204001,32
170312205002,32
170310801002,43
170310812022,42
170311403012,39
170312207012,31
170312206022,35
170312522012,28
170311005002,41
170311005003,41
170310105021,49
170310619021,44
170311006002,41
170311006003,41
170311007001,45
170311007003,41
170312206025,35
170312210002,26
170312211003,35
170311007004,41
170311101002,45
170311101005,39
170311102001,45
170311102002,45
170311103001,45
170312213001,1
170312214002,1
170312214003,1
170312215001,1
170312225001,1
170312229001,26
170312303001,26
170312304002,26
170311104002,45
170311105015,45
170311105021,45
170311105011,45
170311201004,41
170312306001,26
170312307001,26
170312307003,26
170312307004,26
170312308001,26
170318366002,26
170312311001,27
170318421004,37
170311202001,41
170311203004,39
170311204001,39
170311301001,39
170311301002,39
170311303002,39
170318318004,39
170311401001,33
170318421005,28
170312315002,27
170312315003,27
170311402001,33
170311402002,33
170311402003,33
170311404004,39
170311405003,39
170311407024,33
170311407023,33
170310812023,2
170317608034,41
170311408002,33
170311408004,33
170311408005,33
170311502005,45
170311502003,45
170311503001,45
170311503002,38
170311503005,38
170311504011,45
170311505023,38
170311506001,38
170311506002,36
170311506004,38
170311507001,38
170311505021,38
170312207013,31
170310107024,49
170312502001,37
170312522013,29
170310307062,48
170313404001,11
170314005001,20
170314606001,7
170314909023,9
170315401021,9
170315204003,10
170316603023,16
170317107002,21
170310619014,44
170310105013,49
170310209012,40
170310306013,48
170310307021,48
170317105004,18
170317302022,21
170317306003,34
170311605021,35
170314402014,6
170310802023,2
170310301011,48
170316405001,23
170316609001,17
170318219005,19
170310632006,44
170318371002,27
170318331002,25
170318415002,24
170314401013,8
170314313011,7
170317005015,18
170310633013,44
170314301022,5
170314301023,5
170314301021,5
170314301013,5
170314301014,5
170316603022,16
170311403023,39
170311406023,35
170310101002,49
170310103002,49
170311705004,38
170311705003,38
170311913011,36
170311907012,31
170311907011,30
170312209013,26
170312004012,35
170312109001,33
170312107003,33
170316007002,11
170316108001,11
170315305032,34
170316110001,20
170316120002,20
170316112002,20
170316119001,20
170316118001,16
170316121001,20
170318133022,24
170318365002,4
170318364003,4
170318355002,3
170318357001,3
170318356001,3
170318356002,3
170318359002,3
170318359003,3
170318359001,3
170310103004,49
170310201002,49
170310102011,49
170310103001,49
170310104002,49
170310104001,49
170310105032,49
170310107021,49
170310205001,50
170313011002,12
170310313005,48
170313907003,5
170312204002,32
170312405001,32
170312406001,1
170312407001,1
170312305002,36
170312315006,37
170312315005,37
170312409001,26
170310102013,49
170316705001,16
170316503021,23
170316503022,13
170316609003,17
170316611005,17
170316805002,16
170316709002,16
170316702001,16
170316708002,16
170316704001,15
170316806002,16
170316715003,17
170316715002,17
170316718001,17
170316719001,17
170316809002,20
170316810004,16
170318208003,22
170318215001,9
170312420002,1
170312422002,2
170312424001,1
170312425001,1
170312425002,26
170312426001,26
170310202002,50
170312426003,26
170312430001,1
170312431001,1
170312434001,27
170312434003,1
170316809004,20
170310203022,50
170310203021,50
170310206022,50
170310206023,50
170310206012,50
170310207023,50
170312503002,37
170312503004,37
170312504001,29
170316406003,23
170316407001,13
170316407002,13
170316407003,13
170316407004,13
170316408001,13
170316408002,13
170316501001,23
170316810002,6
170316810003,6
170316810001,16
170316811001,6
170316811002,6
170316811004,6
170316811005,16
170316812002,6
170316812004,6
170316812001,6
170318392001,4
170310814023,42
170312207021,31
170310101001,49
170310306042,48
170313007002,22
170315401011,9
170317203004,19
170317203002,19
170317204001,19
170317204002,19
170312831001,28
170310207021,50
170310208021,40
170310208013,40
170310208012,40
170310209013,50
170310209011,50
170310302003,48
170310303001,40
170310303002,40
170316501003,23
170316502001,23
170316502004,13
170316502005,13
170316503012,13
170316503011,13
170316504001,13
170316504002,13
170316504003,13
170316504004,13
170316813003,6
170316814001,6
170316814004,6
170316814002,6
170318425001,20
170316903001,6
170317205001,19
170317206001,19
170317206002,19
170317207003,19
170317207001,19
170317301001,21
170317301002,21
170317301003,21
170310305002,48
170310308002,48
170310309003,40
170310310001,40
170310310002,47
170310310003,47
170310311002,47
170310312002,48
170316504005,13
170316505001,13
170316505002,13
170316505003,18
170318350002,16
170318350004,16
170318350005,16
170318350003,16
170316603021,16
170316904002,6
170316904003,6
170316904004,6
170317302021,21
170317302023,21
170317302013,21
170317302011,21
170317302014,21
170317303001,21
170317304001,21
170318307003,46
170318307004,46
170310317001,46
170310317002,46
170310319001,47
170310319002,47
170318307001,46
170310321001,46
170316604001,23
170316604004,23
170316605002,17
170316605003,23
170316605004,23
170316606001,16
170316606002,16
170316606003,17
170316606004,17
170316606005,17
170316607001,16
170316607002,16
170316608001,16
170316608002,17
170316909004,6
170316909005,6
170316910001,6
170316910003,6
170316911001,6
170316911002,6
170316911003,6
170317304002,21
170317305001,21
170317305002,9
170317305003,34
170317306001,34
170317307001,34
170310401002,40
170310401003,40
170310402013,40
170310404011,40
170318308001,47
170310406003,47
170310407001,47
170310407004,40
170310408002,47
170316608003,17
170316608005,17
170316609002,17
170316610001,17
170316610002,18
170316610003,18
170316610004,18
170316610005,18
170316611001,18
170316611002,18
170316912003,17
170316912001,6
170316914001,6
170316914002,6
170316914004,6
170316914005,6
170316915003,8
170316915001,8
170317401001,19
170317401002,19
170317401004,19
170317402001,19
170317402002,19
170310409001,47
170318308002,47
170318308003,47
170310501001,47
170310503001,47
170310503002,47
170310503003,47
170318437001,47
170310505005,47
170310508001,47
170316611003,18
170316611004,17
170316701001,16
170316701002,16
170316703001,16
170316703002,15
170317001001,18
170317002001,18
170317002004,18
170317002002,18
170317003011,18
170317403003,19
170317403004,19
170317403005,19
170317404003,19
170317501001,34
170317501002,34
170317501004,34
170310510001,32
170310512001,47
170310513001,32
170310513002,32
170310514001,32
170310605001,44
170318321002,46
170310610001,44
170310612001,44
170316707001,15
170316709001,16
170316712001,15
170316712002,15
170316713002,17
170316713003,17
170317003021,18
170317502001,19
170317502002,19
170317502003,19
170317502004,19
170317503001,19
170317503002,19
170317503003,19
170317504001,19
170317504002,19
170310615001,44
170310618001,46
170310622001,44
170310622002,44
170310623001,44
170310624001,44
170310628001,32
170310628002,32
170310628003,32
170310629003,44
170310630001,44
170316714001,16
170316714002,16
170316715001,15
170316716001,16
170316716003,16
170318349001,6
170317004022,18
170317004021,18
170317004012,18
170317005012,18
170317005011,18
170317005013,18
170317504003,19
170317505001,19
170317505002,19
170317506001,34
170317506002,34
170310702001,43
170310705003,32
170310706002,2
170310711001,43
170316720001,17
170316720002,17
170316720004,17
170318346002,20
170318346001,20
170317005014,18
170317102003,17
170317102004,17
170317102005,17
170317104001,17
170317104002,17
170317104006,18
170317506003,34
170310716001,43
170318326001,2
170318347001,20
170318347002,16
170316805001,16
170316809003,6
170317105001,21
170317106001,21
170317107001,17
170317107004,21
170317108001,17
170317108003,21
170317108004,17
170317108006,21
170317109001,21
170311503006,38
170311508002,30
170317110003,21
170317110001,21
170317111001,21
170317111002,21
170317111003,21
170317112001,21
170317112002,21
170317706023,41
170312432001,1
170312504003,29
170314605002,8
170318388001,10
170318428001,15
170316502006,13
170316707002,15
